test_target,test_loc,sasjs_test_id,test_suite_result,test_description
mp_assertcolvals,tests/services/base/mp_assertcolvals.test.sas,effe793c-9f51-4b15-b935-03b9c46c05ca,PASS,At least one value has a match
mp_assertcolvals,tests/services/base/mp_assertcolvals.test.sas,effe793c-9f51-4b15-b935-03b9c46c05ca,PASS,All values have a match
mp_filtercheck,tests/services/base/mp_filtercheck.test.sas,d50073ee-e648-4ae2-a948-8b1fb63cf110,PASS,Valid filter query
mp_filtercheck,tests/services/base/mp_filtercheck.test.sas,d50073ee-e648-4ae2-a948-8b1fb63cf110,PASS,Invalid column name
mp_filtercheck,tests/services/base/mp_filtercheck.test.sas,d50073ee-e648-4ae2-a948-8b1fb63cf110,PASS,Invalid raw value
mp_filtercheck,tests/services/base/mp_filtercheck.test.sas,d50073ee-e648-4ae2-a948-8b1fb63cf110,PASS,Code injection - column name
mp_filtercheck,tests/services/base/mp_filtercheck.test.sas,d50073ee-e648-4ae2-a948-8b1fb63cf110,PASS,Code injection - raw value abort
mp_filtergenerate,tests/services/base/mp_filtergenerate.test.sas,e25543aa-1070-4a13-9df9-95cfbc279708,PASS,Valid filter
mp_filtergenerate,tests/services/base/mp_filtergenerate.test.sas,e25543aa-1070-4a13-9df9-95cfbc279708,PASS,Empty filter (return all records)
mp_filtergenerate,tests/services/base/mp_filtergenerate.test.sas,e25543aa-1070-4a13-9df9-95cfbc279708,PASS,Single line filter
mp_filtergenerate,tests/services/base/mp_filtergenerate.test.sas,e25543aa-1070-4a13-9df9-95cfbc279708,PASS,Single line 2 group filter
mp_filtergenerate,tests/services/base/mp_filtergenerate.test.sas,e25543aa-1070-4a13-9df9-95cfbc279708,PASS,Filter with nothing returned
mp_filtervalidate,tests/services/base/mp_filtervalidate.test.sas,cb8df59b-fedb-40de-9590-f1aa948756b5,PASS,Valid filter
mp_filtervalidate,tests/services/base/mp_filtervalidate.test.sas,cb8df59b-fedb-40de-9590-f1aa948756b5,PASS,Valid filter
mp_filtervalidate,tests/services/base/mp_filtervalidate.test.sas,cb8df59b-fedb-40de-9590-f1aa948756b5,PASS,Valid filter
mp_validatecol,tests/services/base/mp_validatecol.test.sas,307f95c2-83b4-4caa-8b2f-ba1a673d6ff4,FAIL,Testing LIBDS
mp_validatecol,tests/services/base/mp_validatecol.test.sas,307f95c2-83b4-4caa-8b2f-ba1a673d6ff4,PASS,Test2 - ISNUM
mv_createwebservice,tests/services/viya/mv_createwebservice.test.sas,1eb31d67-d56e-4d7b-aa14-3f2d21fa3545,FAIL,Creating web service with invisible character
mv_createwebservice,tests/services/viya/mv_createwebservice.test.sas,1eb31d67-d56e-4d7b-aa14-3f2d21fa3545,FAIL,Creating web service with invisible character
mv_createwebservice,tests/services/viya/mv_createwebservice.test.sas,1eb31d67-d56e-4d7b-aa14-3f2d21fa3545,FAIL,Creating web service with invisible character
mv_createwebservice,tests/services/viya/mv_createwebservice.test.sas,1eb31d67-d56e-4d7b-aa14-3f2d21fa3545,FAIL,Creating web service with invisible character
mv_createwebservice,tests/services/viya/mv_createwebservice.test.sas,1eb31d67-d56e-4d7b-aa14-3f2d21fa3545,FAIL,Creating web service with invisible character
mv_createwebservice,tests/services/viya/mv_createwebservice.test.sas,1eb31d67-d56e-4d7b-aa14-3f2d21fa3545,FAIL,Creating web service with invisible character
mv_createwebservice,tests/services/viya/mv_createwebservice.test.sas,1eb31d67-d56e-4d7b-aa14-3f2d21fa3545,FAIL,Creating web service with invisible character
mv_createwebservice,tests/services/viya/mv_createwebservice.test.sas,1eb31d67-d56e-4d7b-aa14-3f2d21fa3545,FAIL,Creating web service with invisible character
mv_createwebservice,tests/services/viya/mv_createwebservice.test.sas,1eb31d67-d56e-4d7b-aa14-3f2d21fa3545,FAIL,Creating web service with invisible character
mv_createwebservice,tests/services/viya/mv_createwebservice.test.sas,1eb31d67-d56e-4d7b-aa14-3f2d21fa3545,FAIL,Creating web service with invisible character
mv_createwebservice,tests/services/viya/mv_createwebservice.test.sas,1eb31d67-d56e-4d7b-aa14-3f2d21fa3545,FAIL,Creating web service with invisible character
mv_createwebservice,tests/services/viya/mv_createwebservice.test.sas,1eb31d67-d56e-4d7b-aa14-3f2d21fa3545,FAIL,Creating web service with invisible character
mv_createwebservice,tests/services/viya/mv_createwebservice.test.sas,1eb31d67-d56e-4d7b-aa14-3f2d21fa3545,FAIL,Creating web service with invisible character
mv_createwebservice,tests/services/viya/mv_createwebservice.test.sas,1eb31d67-d56e-4d7b-aa14-3f2d21fa3545,FAIL,Creating web service with invisible character
mv_createwebservice,tests/services/viya/mv_createwebservice.test.sas,1eb31d67-d56e-4d7b-aa14-3f2d21fa3545,FAIL,Creating web service with invisible character
mv_createwebservice,tests/services/viya/mv_createwebservice.test.sas,1eb31d67-d56e-4d7b-aa14-3f2d21fa3545,FAIL,Creating web service with invisible character
mv_createwebservice,tests/services/viya/mv_createwebservice.test.sas,1eb31d67-d56e-4d7b-aa14-3f2d21fa3545,FAIL,Creating web service with invisible character
mv_createwebservice,tests/services/viya/mv_createwebservice.test.sas,1eb31d67-d56e-4d7b-aa14-3f2d21fa3545,FAIL,Creating web service with invisible character
mv_createwebservice,tests/services/viya/mv_createwebservice.test.sas,1eb31d67-d56e-4d7b-aa14-3f2d21fa3545,FAIL,Creating web service with invisible character
mv_createwebservice,tests/services/viya/mv_createwebservice.test.sas,1eb31d67-d56e-4d7b-aa14-3f2d21fa3545,FAIL,Creating web service with invisible character
mv_createwebservice,tests/services/viya/mv_createwebservice.test.sas,1eb31d67-d56e-4d7b-aa14-3f2d21fa3545,FAIL,Creating web service with invisible character
mv_createwebservice,tests/services/viya/mv_createwebservice.test.sas,1eb31d67-d56e-4d7b-aa14-3f2d21fa3545,FAIL,Creating web service with invisible character
mv_createwebservice,tests/services/viya/mv_createwebservice.test.sas,1eb31d67-d56e-4d7b-aa14-3f2d21fa3545,FAIL,Creating web service with invisible character
mv_createwebservice,tests/services/viya/mv_createwebservice.test.sas,1eb31d67-d56e-4d7b-aa14-3f2d21fa3545,FAIL,Creating web service with invisible character
mv_createwebservice,tests/services/viya/mv_createwebservice.test.sas,1eb31d67-d56e-4d7b-aa14-3f2d21fa3545,FAIL,Creating web service with invisible character
mv_createwebservice,tests/services/viya/mv_createwebservice.test.sas,1eb31d67-d56e-4d7b-aa14-3f2d21fa3545,FAIL,Creating web service with invisible character
mv_createwebservice,tests/services/viya/mv_createwebservice.test.sas,1eb31d67-d56e-4d7b-aa14-3f2d21fa3545,FAIL,Creating web service with invisible character
mv_createwebservice,tests/services/viya/mv_createwebservice.test.sas,1eb31d67-d56e-4d7b-aa14-3f2d21fa3545,FAIL,Creating web service with invisible character
mv_createwebservice,tests/services/viya/mv_createwebservice.test.sas,1eb31d67-d56e-4d7b-aa14-3f2d21fa3545,FAIL,Creating web service with invisible character
mv_createwebservice,tests/services/viya/mv_createwebservice.test.sas,1eb31d67-d56e-4d7b-aa14-3f2d21fa3545,FAIL,Creating web service with invisible character
mv_createwebservice,tests/services/viya/mv_createwebservice.test.sas,1eb31d67-d56e-4d7b-aa14-3f2d21fa3545,FAIL,Creating web service with invisible character
mv_createwebservice,tests/services/viya/mv_createwebservice.test.sas,1eb31d67-d56e-4d7b-aa14-3f2d21fa3545,FAIL,Creating web service with invisible character
mv_createwebservice,tests/services/viya/mv_createwebservice.test.sas,1eb31d67-d56e-4d7b-aa14-3f2d21fa3545,FAIL,Creating web service with invisible character
mv_createwebservice,tests/services/viya/mv_createwebservice.test.sas,1eb31d67-d56e-4d7b-aa14-3f2d21fa3545,FAIL,Creating web service with invisible character
mv_createwebservice,tests/services/viya/mv_createwebservice.test.sas,1eb31d67-d56e-4d7b-aa14-3f2d21fa3545,FAIL,Creating web service with invisible character
mv_createwebservice,tests/services/viya/mv_createwebservice.test.sas,1eb31d67-d56e-4d7b-aa14-3f2d21fa3545,FAIL,Creating web service with invisible character
mv_createwebservice,tests/services/viya/mv_createwebservice.test.sas,1eb31d67-d56e-4d7b-aa14-3f2d21fa3545,FAIL,Creating web service with invisible character
mv_createwebservice,tests/services/viya/mv_createwebservice.test.sas,1eb31d67-d56e-4d7b-aa14-3f2d21fa3545,FAIL,Creating web service with invisible character
mv_createwebservice,tests/services/viya/mv_createwebservice.test.sas,1eb31d67-d56e-4d7b-aa14-3f2d21fa3545,FAIL,Creating web service with invisible character
mv_createwebservice,tests/services/viya/mv_createwebservice.test.sas,1eb31d67-d56e-4d7b-aa14-3f2d21fa3545,FAIL,Creating web service with invisible character
mv_createwebservice,tests/services/viya/mv_createwebservice.test.sas,1eb31d67-d56e-4d7b-aa14-3f2d21fa3545,FAIL,Creating web service with invisible character
mv_createwebservice,tests/services/viya/mv_createwebservice.test.sas,1eb31d67-d56e-4d7b-aa14-3f2d21fa3545,FAIL,Creating web service with invisible character
mv_createwebservice,tests/services/viya/mv_createwebservice.test.sas,1eb31d67-d56e-4d7b-aa14-3f2d21fa3545,FAIL,Creating web service with invisible character
mv_createwebservice,tests/services/viya/mv_createwebservice.test.sas,1eb31d67-d56e-4d7b-aa14-3f2d21fa3545,FAIL,Creating web service with invisible character
mv_createwebservice,tests/services/viya/mv_createwebservice.test.sas,1eb31d67-d56e-4d7b-aa14-3f2d21fa3545,FAIL,Creating web service with invisible character
mv_createwebservice,tests/services/viya/mv_createwebservice.test.sas,1eb31d67-d56e-4d7b-aa14-3f2d21fa3545,FAIL,Creating web service with invisible character
mv_createwebservice,tests/services/viya/mv_createwebservice.test.sas,1eb31d67-d56e-4d7b-aa14-3f2d21fa3545,FAIL,Creating web service with invisible character
mv_createwebservice,tests/services/viya/mv_createwebservice.test.sas,1eb31d67-d56e-4d7b-aa14-3f2d21fa3545,FAIL,Creating web service with invisible character
mv_createwebservice,tests/services/viya/mv_createwebservice.test.sas,1eb31d67-d56e-4d7b-aa14-3f2d21fa3545,FAIL,Creating web service with invisible character
mv_createwebservice,tests/services/viya/mv_createwebservice.test.sas,1eb31d67-d56e-4d7b-aa14-3f2d21fa3545,FAIL,Creating web service with invisible character
mv_createwebservice,tests/services/viya/mv_createwebservice.test.sas,1eb31d67-d56e-4d7b-aa14-3f2d21fa3545,FAIL,Creating web service with invisible character
mv_createwebservice,tests/services/viya/mv_createwebservice.test.sas,1eb31d67-d56e-4d7b-aa14-3f2d21fa3545,FAIL,Creating web service with invisible character
mv_createwebservice,tests/services/viya/mv_createwebservice.test.sas,1eb31d67-d56e-4d7b-aa14-3f2d21fa3545,FAIL,Creating web service with invisible character
mv_createwebservice,tests/services/viya/mv_createwebservice.test.sas,1eb31d67-d56e-4d7b-aa14-3f2d21fa3545,FAIL,Creating web service with invisible character
mv_createwebservice,tests/services/viya/mv_createwebservice.test.sas,1eb31d67-d56e-4d7b-aa14-3f2d21fa3545,FAIL,Creating web service with invisible character
mv_createwebservice,tests/services/viya/mv_createwebservice.test.sas,1eb31d67-d56e-4d7b-aa14-3f2d21fa3545,FAIL,Creating web service with invisible character
mv_createwebservice,tests/services/viya/mv_createwebservice.test.sas,1eb31d67-d56e-4d7b-aa14-3f2d21fa3545,FAIL,Creating web service with invisible character
mv_createwebservice,tests/services/viya/mv_createwebservice.test.sas,1eb31d67-d56e-4d7b-aa14-3f2d21fa3545,FAIL,Creating web service with invisible character
mv_createwebservice,tests/services/viya/mv_createwebservice.test.sas,1eb31d67-d56e-4d7b-aa14-3f2d21fa3545,FAIL,Creating web service with invisible character
mv_createwebservice,tests/services/viya/mv_createwebservice.test.sas,1eb31d67-d56e-4d7b-aa14-3f2d21fa3545,FAIL,Creating web service with invisible character
mv_createwebservice,tests/services/viya/mv_createwebservice.test.sas,1eb31d67-d56e-4d7b-aa14-3f2d21fa3545,FAIL,Creating web service with invisible character
mv_createwebservice,tests/services/viya/mv_createwebservice.test.sas,1eb31d67-d56e-4d7b-aa14-3f2d21fa3545,FAIL,Creating web service with invisible character
mv_createwebservice,tests/services/viya/mv_createwebservice.test.sas,1eb31d67-d56e-4d7b-aa14-3f2d21fa3545,FAIL,Creating web service with invisible character
mv_createwebservice,tests/services/viya/mv_createwebservice.test.sas,1eb31d67-d56e-4d7b-aa14-3f2d21fa3545,FAIL,Creating web service with invisible character
mv_createwebservice,tests/services/viya/mv_createwebservice.test.sas,1eb31d67-d56e-4d7b-aa14-3f2d21fa3545,FAIL,Creating web service with invisible character
mv_createwebservice,tests/services/viya/mv_createwebservice.test.sas,1eb31d67-d56e-4d7b-aa14-3f2d21fa3545,FAIL,Creating web service with invisible character
mv_createwebservice,tests/services/viya/mv_createwebservice.test.sas,1eb31d67-d56e-4d7b-aa14-3f2d21fa3545,FAIL,Creating web service with invisible character
mv_createwebservice,tests/services/viya/mv_createwebservice.test.sas,1eb31d67-d56e-4d7b-aa14-3f2d21fa3545,FAIL,Creating web service with invisible character
mv_createwebservice,tests/services/viya/mv_createwebservice.test.sas,1eb31d67-d56e-4d7b-aa14-3f2d21fa3545,FAIL,Creating web service with invisible character
mv_createwebservice,tests/services/viya/mv_createwebservice.test.sas,1eb31d67-d56e-4d7b-aa14-3f2d21fa3545,FAIL,Creating web service with invisible character
mv_createwebservice,tests/services/viya/mv_createwebservice.test.sas,1eb31d67-d56e-4d7b-aa14-3f2d21fa3545,FAIL,Creating web service with invisible character
mv_createwebservice,tests/services/viya/mv_createwebservice.test.sas,1eb31d67-d56e-4d7b-aa14-3f2d21fa3545,FAIL,Creating web service with invisible character
mv_createwebservice,tests/services/viya/mv_createwebservice.test.sas,1eb31d67-d56e-4d7b-aa14-3f2d21fa3545,FAIL,Creating web service with invisible character
mv_createwebservice,tests/services/viya/mv_createwebservice.test.sas,1eb31d67-d56e-4d7b-aa14-3f2d21fa3545,FAIL,Creating web service with invisible character
mv_createwebservice,tests/services/viya/mv_createwebservice.test.sas,1eb31d67-d56e-4d7b-aa14-3f2d21fa3545,FAIL,Creating web service with invisible character
mv_createwebservice,tests/services/viya/mv_createwebservice.test.sas,1eb31d67-d56e-4d7b-aa14-3f2d21fa3545,FAIL,Creating web service with invisible character
mv_createwebservice,tests/services/viya/mv_createwebservice.test.sas,1eb31d67-d56e-4d7b-aa14-3f2d21fa3545,FAIL,Creating web service with invisible character
mv_createwebservice,tests/services/viya/mv_createwebservice.test.sas,1eb31d67-d56e-4d7b-aa14-3f2d21fa3545,FAIL,Creating web service with invisible character
mv_createwebservice,tests/services/viya/mv_createwebservice.test.sas,1eb31d67-d56e-4d7b-aa14-3f2d21fa3545,FAIL,Creating web service with invisible character
mv_createwebservice,tests/services/viya/mv_createwebservice.test.sas,1eb31d67-d56e-4d7b-aa14-3f2d21fa3545,FAIL,Creating web service with invisible character
mv_createwebservice,tests/services/viya/mv_createwebservice.test.sas,1eb31d67-d56e-4d7b-aa14-3f2d21fa3545,FAIL,Creating web service with invisible character
mv_createwebservice,tests/services/viya/mv_createwebservice.test.sas,1eb31d67-d56e-4d7b-aa14-3f2d21fa3545,FAIL,Creating web service with invisible character
mv_createwebservice,tests/services/viya/mv_createwebservice.test.sas,1eb31d67-d56e-4d7b-aa14-3f2d21fa3545,FAIL,Creating web service with invisible character
mv_createwebservice,tests/services/viya/mv_createwebservice.test.sas,1eb31d67-d56e-4d7b-aa14-3f2d21fa3545,FAIL,Creating web service with invisible character
mv_createwebservice,tests/services/viya/mv_createwebservice.test.sas,1eb31d67-d56e-4d7b-aa14-3f2d21fa3545,FAIL,Creating web service with invisible character
mv_createwebservice,tests/services/viya/mv_createwebservice.test.sas,1eb31d67-d56e-4d7b-aa14-3f2d21fa3545,FAIL,Creating web service with invisible character
mv_createwebservice,tests/services/viya/mv_createwebservice.test.sas,1eb31d67-d56e-4d7b-aa14-3f2d21fa3545,FAIL,Creating web service with invisible character
mv_createwebservice,tests/services/viya/mv_createwebservice.test.sas,1eb31d67-d56e-4d7b-aa14-3f2d21fa3545,FAIL,Creating web service with invisible character
mv_createwebservice,tests/services/viya/mv_createwebservice.test.sas,1eb31d67-d56e-4d7b-aa14-3f2d21fa3545,FAIL,Creating web service with invisible character
mv_createwebservice,tests/services/viya/mv_createwebservice.test.sas,1eb31d67-d56e-4d7b-aa14-3f2d21fa3545,FAIL,Creating web service with invisible character
mv_createwebservice,tests/services/viya/mv_createwebservice.test.sas,1eb31d67-d56e-4d7b-aa14-3f2d21fa3545,FAIL,Creating web service with invisible character
mv_createwebservice,tests/services/viya/mv_createwebservice.test.sas,1eb31d67-d56e-4d7b-aa14-3f2d21fa3545,FAIL,Creating web service with invisible character
mv_createwebservice,tests/services/viya/mv_createwebservice.test.sas,1eb31d67-d56e-4d7b-aa14-3f2d21fa3545,FAIL,Creating web service with invisible character
mv_createwebservice,tests/services/viya/mv_createwebservice.test.sas,1eb31d67-d56e-4d7b-aa14-3f2d21fa3545,FAIL,Creating web service with invisible character
mv_createwebservice,tests/services/viya/mv_createwebservice.test.sas,1eb31d67-d56e-4d7b-aa14-3f2d21fa3545,FAIL,Creating web service with invisible character
mv_createwebservice,tests/services/viya/mv_createwebservice.test.sas,1eb31d67-d56e-4d7b-aa14-3f2d21fa3545,FAIL,Creating web service with invisible character
mv_createwebservice,tests/services/viya/mv_createwebservice.test.sas,1eb31d67-d56e-4d7b-aa14-3f2d21fa3545,FAIL,Creating web service with invisible character
mv_createwebservice,tests/services/viya/mv_createwebservice.test.sas,1eb31d67-d56e-4d7b-aa14-3f2d21fa3545,FAIL,Creating web service with invisible character
mv_createwebservice,tests/services/viya/mv_createwebservice.test.sas,1eb31d67-d56e-4d7b-aa14-3f2d21fa3545,FAIL,Creating web service with invisible character
mv_createwebservice,tests/services/viya/mv_createwebservice.test.sas,1eb31d67-d56e-4d7b-aa14-3f2d21fa3545,FAIL,Creating web service with invisible character
mv_createwebservice,tests/services/viya/mv_createwebservice.test.sas,1eb31d67-d56e-4d7b-aa14-3f2d21fa3545,FAIL,Creating web service with invisible character
mv_createwebservice,tests/services/viya/mv_createwebservice.test.sas,1eb31d67-d56e-4d7b-aa14-3f2d21fa3545,FAIL,Creating web service with invisible character
mv_createwebservice,tests/services/viya/mv_createwebservice.test.sas,1eb31d67-d56e-4d7b-aa14-3f2d21fa3545,FAIL,Creating web service with invisible character
mv_createwebservice,tests/services/viya/mv_createwebservice.test.sas,1eb31d67-d56e-4d7b-aa14-3f2d21fa3545,FAIL,Creating web service with invisible character
mv_createwebservice,tests/services/viya/mv_createwebservice.test.sas,1eb31d67-d56e-4d7b-aa14-3f2d21fa3545,FAIL,Creating web service with invisible character
mv_createwebservice,tests/services/viya/mv_createwebservice.test.sas,1eb31d67-d56e-4d7b-aa14-3f2d21fa3545,FAIL,Creating web service with invisible character
mv_createwebservice,tests/services/viya/mv_createwebservice.test.sas,1eb31d67-d56e-4d7b-aa14-3f2d21fa3545,FAIL,Creating web service with invisible character
mv_createwebservice,tests/services/viya/mv_createwebservice.test.sas,1eb31d67-d56e-4d7b-aa14-3f2d21fa3545,FAIL,Creating web service with invisible character
mv_createwebservice,tests/services/viya/mv_createwebservice.test.sas,1eb31d67-d56e-4d7b-aa14-3f2d21fa3545,FAIL,Creating web service with invisible character
mv_createwebservice,tests/services/viya/mv_createwebservice.test.sas,1eb31d67-d56e-4d7b-aa14-3f2d21fa3545,FAIL,Creating web service with invisible character
mv_createwebservice,tests/services/viya/mv_createwebservice.test.sas,1eb31d67-d56e-4d7b-aa14-3f2d21fa3545,FAIL,Creating web service with invisible character
mv_createwebservice,tests/services/viya/mv_createwebservice.test.sas,1eb31d67-d56e-4d7b-aa14-3f2d21fa3545,FAIL,Creating web service with invisible character
mv_createwebservice,tests/services/viya/mv_createwebservice.test.sas,1eb31d67-d56e-4d7b-aa14-3f2d21fa3545,FAIL,Creating web service with invisible character
mv_createwebservice,tests/services/viya/mv_createwebservice.test.sas,1eb31d67-d56e-4d7b-aa14-3f2d21fa3545,FAIL,Creating web service with invisible character
mv_createwebservice,tests/services/viya/mv_createwebservice.test.sas,1eb31d67-d56e-4d7b-aa14-3f2d21fa3545,FAIL,Creating web service with invisible character
mv_createwebservice,tests/services/viya/mv_createwebservice.test.sas,1eb31d67-d56e-4d7b-aa14-3f2d21fa3545,FAIL,Creating web service with invisible character
mv_createwebservice,tests/services/viya/mv_createwebservice.test.sas,1eb31d67-d56e-4d7b-aa14-3f2d21fa3545,FAIL,Creating web service with invisible character
mv_createwebservice,tests/services/viya/mv_createwebservice.test.sas,1eb31d67-d56e-4d7b-aa14-3f2d21fa3545,FAIL,Creating web service with invisible character
mv_createwebservice,tests/services/viya/mv_createwebservice.test.sas,1eb31d67-d56e-4d7b-aa14-3f2d21fa3545,FAIL,Creating web service with invisible character
mv_createwebservice,tests/services/viya/mv_createwebservice.test.sas,1eb31d67-d56e-4d7b-aa14-3f2d21fa3545,FAIL,Creating web service with invisible character
mv_createwebservice,tests/services/viya/mv_createwebservice.test.sas,1eb31d67-d56e-4d7b-aa14-3f2d21fa3545,FAIL,Creating web service with invisible character
mv_createwebservice,tests/services/viya/mv_createwebservice.test.sas,1eb31d67-d56e-4d7b-aa14-3f2d21fa3545,FAIL,Creating web service with invisible character
mv_createwebservice,tests/services/viya/mv_createwebservice.test.sas,1eb31d67-d56e-4d7b-aa14-3f2d21fa3545,FAIL,Creating web service with invisible character
mv_createwebservice,tests/services/viya/mv_createwebservice.test.sas,1eb31d67-d56e-4d7b-aa14-3f2d21fa3545,FAIL,Creating web service with invisible character
mv_createwebservice,tests/services/viya/mv_createwebservice.test.sas,1eb31d67-d56e-4d7b-aa14-3f2d21fa3545,FAIL,Creating web service with invisible character
mv_createwebservice,tests/services/viya/mv_createwebservice.test.sas,1eb31d67-d56e-4d7b-aa14-3f2d21fa3545,FAIL,Creating web service with invisible character
mv_createwebservice,tests/services/viya/mv_createwebservice.test.sas,1eb31d67-d56e-4d7b-aa14-3f2d21fa3545,FAIL,Creating web service with invisible character
mv_createwebservice,tests/services/viya/mv_createwebservice.test.sas,1eb31d67-d56e-4d7b-aa14-3f2d21fa3545,FAIL,Creating web service with invisible character
mv_createwebservice,tests/services/viya/mv_createwebservice.test.sas,1eb31d67-d56e-4d7b-aa14-3f2d21fa3545,FAIL,Creating web service with invisible character
mv_createwebservice,tests/services/viya/mv_createwebservice.test.sas,1eb31d67-d56e-4d7b-aa14-3f2d21fa3545,FAIL,Creating web service with invisible character
mv_createwebservice,tests/services/viya/mv_createwebservice.test.sas,1eb31d67-d56e-4d7b-aa14-3f2d21fa3545,FAIL,Creating web service with invisible character
mv_createwebservice,tests/services/viya/mv_createwebservice.test.sas,1eb31d67-d56e-4d7b-aa14-3f2d21fa3545,FAIL,Creating web service with invisible character
mv_createwebservice,tests/services/viya/mv_createwebservice.test.sas,1eb31d67-d56e-4d7b-aa14-3f2d21fa3545,FAIL,Creating web service with invisible character
mv_createwebservice,tests/services/viya/mv_createwebservice.test.sas,1eb31d67-d56e-4d7b-aa14-3f2d21fa3545,FAIL,Creating web service with invisible character
mv_createwebservice,tests/services/viya/mv_createwebservice.test.sas,1eb31d67-d56e-4d7b-aa14-3f2d21fa3545,FAIL,Creating web service with invisible character
mv_createwebservice,tests/services/viya/mv_createwebservice.test.sas,1eb31d67-d56e-4d7b-aa14-3f2d21fa3545,FAIL,Creating web service with invisible character
mv_createwebservice,tests/services/viya/mv_createwebservice.test.sas,1eb31d67-d56e-4d7b-aa14-3f2d21fa3545,FAIL,Creating web service with invisible character
mv_createwebservice,tests/services/viya/mv_createwebservice.test.sas,1eb31d67-d56e-4d7b-aa14-3f2d21fa3545,FAIL,Creating web service with invisible character
mv_createwebservice,tests/services/viya/mv_createwebservice.test.sas,1eb31d67-d56e-4d7b-aa14-3f2d21fa3545,FAIL,Creating web service with invisible character
mv_createwebservice,tests/services/viya/mv_createwebservice.test.sas,1eb31d67-d56e-4d7b-aa14-3f2d21fa3545,FAIL,Creating web service with invisible character
mv_createwebservice,tests/services/viya/mv_createwebservice.test.sas,1eb31d67-d56e-4d7b-aa14-3f2d21fa3545,FAIL,Creating web service with invisible character
mv_createwebservice,tests/services/viya/mv_createwebservice.test.sas,1eb31d67-d56e-4d7b-aa14-3f2d21fa3545,FAIL,Creating web service with invisible character
mv_createwebservice,tests/services/viya/mv_createwebservice.test.sas,1eb31d67-d56e-4d7b-aa14-3f2d21fa3545,FAIL,Creating web service with invisible character
mv_createwebservice,tests/services/viya/mv_createwebservice.test.sas,1eb31d67-d56e-4d7b-aa14-3f2d21fa3545,FAIL,Creating web service with invisible character
mv_createwebservice,tests/services/viya/mv_createwebservice.test.sas,1eb31d67-d56e-4d7b-aa14-3f2d21fa3545,FAIL,Creating web service with invisible character
mv_createwebservice,tests/services/viya/mv_createwebservice.test.sas,1eb31d67-d56e-4d7b-aa14-3f2d21fa3545,FAIL,Creating web service with invisible character
mv_createwebservice,tests/services/viya/mv_createwebservice.test.sas,1eb31d67-d56e-4d7b-aa14-3f2d21fa3545,FAIL,Creating web service with invisible character
mv_createwebservice,tests/services/viya/mv_createwebservice.test.sas,1eb31d67-d56e-4d7b-aa14-3f2d21fa3545,FAIL,Creating web service with invisible character
mv_createwebservice,tests/services/viya/mv_createwebservice.test.sas,1eb31d67-d56e-4d7b-aa14-3f2d21fa3545,FAIL,Creating web service with invisible character
mv_createwebservice,tests/services/viya/mv_createwebservice.test.sas,1eb31d67-d56e-4d7b-aa14-3f2d21fa3545,FAIL,Creating web service with invisible character
mv_createwebservice,tests/services/viya/mv_createwebservice.test.sas,1eb31d67-d56e-4d7b-aa14-3f2d21fa3545,FAIL,Creating web service with invisible character
mv_createwebservice,tests/services/viya/mv_createwebservice.test.sas,1eb31d67-d56e-4d7b-aa14-3f2d21fa3545,FAIL,Creating web service with invisible character
mv_createwebservice,tests/services/viya/mv_createwebservice.test.sas,1eb31d67-d56e-4d7b-aa14-3f2d21fa3545,FAIL,Creating web service with invisible character
mv_createwebservice,tests/services/viya/mv_createwebservice.test.sas,1eb31d67-d56e-4d7b-aa14-3f2d21fa3545,FAIL,Creating web service with invisible character
mv_createwebservice,tests/services/viya/mv_createwebservice.test.sas,1eb31d67-d56e-4d7b-aa14-3f2d21fa3545,FAIL,Creating web service with invisible character
mv_createwebservice,tests/services/viya/mv_createwebservice.test.sas,1eb31d67-d56e-4d7b-aa14-3f2d21fa3545,FAIL,Creating web service with invisible character
mv_createwebservice,tests/services/viya/mv_createwebservice.test.sas,1eb31d67-d56e-4d7b-aa14-3f2d21fa3545,FAIL,Creating web service with invisible character
mv_createwebservice,tests/services/viya/mv_createwebservice.test.sas,1eb31d67-d56e-4d7b-aa14-3f2d21fa3545,FAIL,Creating web service with invisible character
mv_createwebservice,tests/services/viya/mv_createwebservice.test.sas,1eb31d67-d56e-4d7b-aa14-3f2d21fa3545,FAIL,Creating web service with invisible character
mv_createwebservice,tests/services/viya/mv_createwebservice.test.sas,1eb31d67-d56e-4d7b-aa14-3f2d21fa3545,FAIL,Creating web service with invisible character
mv_createwebservice,tests/services/viya/mv_createwebservice.test.sas,1eb31d67-d56e-4d7b-aa14-3f2d21fa3545,FAIL,Creating web service with invisible character
mv_createwebservice,tests/services/viya/mv_createwebservice.test.sas,1eb31d67-d56e-4d7b-aa14-3f2d21fa3545,FAIL,Creating web service with invisible character
mv_createwebservice,tests/services/viya/mv_createwebservice.test.sas,1eb31d67-d56e-4d7b-aa14-3f2d21fa3545,FAIL,Creating web service with invisible character
mv_createwebservice,tests/services/viya/mv_createwebservice.test.sas,1eb31d67-d56e-4d7b-aa14-3f2d21fa3545,FAIL,Creating web service with invisible character
mv_createwebservice,tests/services/viya/mv_createwebservice.test.sas,1eb31d67-d56e-4d7b-aa14-3f2d21fa3545,FAIL,Creating web service with invisible character
mv_createwebservice,tests/services/viya/mv_createwebservice.test.sas,1eb31d67-d56e-4d7b-aa14-3f2d21fa3545,FAIL,Creating web service with invisible character
mv_createwebservice,tests/services/viya/mv_createwebservice.test.sas,1eb31d67-d56e-4d7b-aa14-3f2d21fa3545,FAIL,Creating web service with invisible character
mv_createwebservice,tests/services/viya/mv_createwebservice.test.sas,1eb31d67-d56e-4d7b-aa14-3f2d21fa3545,FAIL,Creating web service with invisible character
mv_createwebservice,tests/services/viya/mv_createwebservice.test.sas,1eb31d67-d56e-4d7b-aa14-3f2d21fa3545,FAIL,Creating web service with invisible character
mv_createwebservice,tests/services/viya/mv_createwebservice.test.sas,1eb31d67-d56e-4d7b-aa14-3f2d21fa3545,FAIL,Creating web service with invisible character
mv_createwebservice,tests/services/viya/mv_createwebservice.test.sas,1eb31d67-d56e-4d7b-aa14-3f2d21fa3545,FAIL,Creating web service with invisible character
mv_createwebservice,tests/services/viya/mv_createwebservice.test.sas,1eb31d67-d56e-4d7b-aa14-3f2d21fa3545,FAIL,Creating web service with invisible character
mv_createwebservice,tests/services/viya/mv_createwebservice.test.sas,1eb31d67-d56e-4d7b-aa14-3f2d21fa3545,FAIL,Creating web service with invisible character
mv_createwebservice,tests/services/viya/mv_createwebservice.test.sas,1eb31d67-d56e-4d7b-aa14-3f2d21fa3545,FAIL,Creating web service with invisible character
mv_createwebservice,tests/services/viya/mv_createwebservice.test.sas,1eb31d67-d56e-4d7b-aa14-3f2d21fa3545,FAIL,Creating web service with invisible character
mv_createwebservice,tests/services/viya/mv_createwebservice.test.sas,1eb31d67-d56e-4d7b-aa14-3f2d21fa3545,FAIL,Creating web service with invisible character
mv_createwebservice,tests/services/viya/mv_createwebservice.test.sas,1eb31d67-d56e-4d7b-aa14-3f2d21fa3545,FAIL,Creating web service with invisible character
mv_createwebservice,tests/services/viya/mv_createwebservice.test.sas,1eb31d67-d56e-4d7b-aa14-3f2d21fa3545,FAIL,Creating web service with invisible character
mv_createwebservice,tests/services/viya/mv_createwebservice.test.sas,1eb31d67-d56e-4d7b-aa14-3f2d21fa3545,FAIL,Creating web service with invisible character
mv_createwebservice,tests/services/viya/mv_createwebservice.test.sas,1eb31d67-d56e-4d7b-aa14-3f2d21fa3545,FAIL,Creating web service with invisible character
mv_createwebservice,tests/services/viya/mv_createwebservice.test.sas,1eb31d67-d56e-4d7b-aa14-3f2d21fa3545,FAIL,Creating web service with invisible character
mv_createwebservice,tests/services/viya/mv_createwebservice.test.sas,1eb31d67-d56e-4d7b-aa14-3f2d21fa3545,FAIL,Creating web service with invisible character
mv_createwebservice,tests/services/viya/mv_createwebservice.test.sas,1eb31d67-d56e-4d7b-aa14-3f2d21fa3545,FAIL,Creating web service with invisible character
mv_createwebservice,tests/services/viya/mv_createwebservice.test.sas,1eb31d67-d56e-4d7b-aa14-3f2d21fa3545,FAIL,Creating web service with invisible character
mv_createwebservice,tests/services/viya/mv_createwebservice.test.sas,1eb31d67-d56e-4d7b-aa14-3f2d21fa3545,FAIL,Creating web service with invisible character
mv_createwebservice,tests/services/viya/mv_createwebservice.test.sas,1eb31d67-d56e-4d7b-aa14-3f2d21fa3545,FAIL,Creating web service with invisible character
mv_createwebservice,tests/services/viya/mv_createwebservice.test.sas,1eb31d67-d56e-4d7b-aa14-3f2d21fa3545,FAIL,Creating web service with invisible character
mv_createwebservice,tests/services/viya/mv_createwebservice.test.sas,1eb31d67-d56e-4d7b-aa14-3f2d21fa3545,FAIL,Creating web service with invisible character
mv_createwebservice,tests/services/viya/mv_createwebservice.test.sas,1eb31d67-d56e-4d7b-aa14-3f2d21fa3545,FAIL,Creating web service with invisible character
mv_createwebservice,tests/services/viya/mv_createwebservice.test.sas,1eb31d67-d56e-4d7b-aa14-3f2d21fa3545,FAIL,Creating web service with invisible character
mv_createwebservice,tests/services/viya/mv_createwebservice.test.sas,1eb31d67-d56e-4d7b-aa14-3f2d21fa3545,FAIL,Creating web service with invisible character
mv_createwebservice,tests/services/viya/mv_createwebservice.test.sas,1eb31d67-d56e-4d7b-aa14-3f2d21fa3545,FAIL,Creating web service with invisible character
mv_createwebservice,tests/services/viya/mv_createwebservice.test.sas,1eb31d67-d56e-4d7b-aa14-3f2d21fa3545,FAIL,Creating web service with invisible character
mv_createwebservice,tests/services/viya/mv_createwebservice.test.sas,1eb31d67-d56e-4d7b-aa14-3f2d21fa3545,FAIL,Creating web service with invisible character
mv_createwebservice,tests/services/viya/mv_createwebservice.test.sas,1eb31d67-d56e-4d7b-aa14-3f2d21fa3545,FAIL,Creating web service with invisible character
mv_createwebservice,tests/services/viya/mv_createwebservice.test.sas,1eb31d67-d56e-4d7b-aa14-3f2d21fa3545,FAIL,Creating web service with invisible character
mv_createwebservice,tests/services/viya/mv_createwebservice.test.sas,1eb31d67-d56e-4d7b-aa14-3f2d21fa3545,FAIL,Creating web service with invisible character
mv_createwebservice,tests/services/viya/mv_createwebservice.test.sas,1eb31d67-d56e-4d7b-aa14-3f2d21fa3545,FAIL,Creating web service with invisible character
mv_createwebservice,tests/services/viya/mv_createwebservice.test.sas,1eb31d67-d56e-4d7b-aa14-3f2d21fa3545,FAIL,Creating web service with invisible character
mv_createwebservice,tests/services/viya/mv_createwebservice.test.sas,1eb31d67-d56e-4d7b-aa14-3f2d21fa3545,FAIL,Creating web service with invisible character
mv_createwebservice,tests/services/viya/mv_createwebservice.test.sas,1eb31d67-d56e-4d7b-aa14-3f2d21fa3545,FAIL,Creating web service with invisible character
mv_createwebservice,tests/services/viya/mv_createwebservice.test.sas,1eb31d67-d56e-4d7b-aa14-3f2d21fa3545,FAIL,Creating web service with invisible character
mv_createwebservice,tests/services/viya/mv_createwebservice.test.sas,1eb31d67-d56e-4d7b-aa14-3f2d21fa3545,FAIL,Creating web service with invisible character
mv_createwebservice,tests/services/viya/mv_createwebservice.test.sas,1eb31d67-d56e-4d7b-aa14-3f2d21fa3545,FAIL,Creating web service with invisible character
mv_createwebservice,tests/services/viya/mv_createwebservice.test.sas,1eb31d67-d56e-4d7b-aa14-3f2d21fa3545,FAIL,Creating web service with invisible character
mv_createwebservice,tests/services/viya/mv_createwebservice.test.sas,1eb31d67-d56e-4d7b-aa14-3f2d21fa3545,FAIL,Creating web service with invisible character
mv_createwebservice,tests/services/viya/mv_createwebservice.test.sas,1eb31d67-d56e-4d7b-aa14-3f2d21fa3545,FAIL,Creating web service with invisible character
mv_createwebservice,tests/services/viya/mv_createwebservice.test.sas,1eb31d67-d56e-4d7b-aa14-3f2d21fa3545,FAIL,Creating web service with invisible character
mv_createwebservice,tests/services/viya/mv_createwebservice.test.sas,1eb31d67-d56e-4d7b-aa14-3f2d21fa3545,FAIL,Creating web service with invisible character
mv_createwebservice,tests/services/viya/mv_createwebservice.test.sas,1eb31d67-d56e-4d7b-aa14-3f2d21fa3545,FAIL,Creating web service with invisible character
mv_createwebservice,tests/services/viya/mv_createwebservice.test.sas,1eb31d67-d56e-4d7b-aa14-3f2d21fa3545,FAIL,Creating web service with invisible character
mv_createwebservice,tests/services/viya/mv_createwebservice.test.sas,1eb31d67-d56e-4d7b-aa14-3f2d21fa3545,FAIL,Creating web service with invisible character
mv_createwebservice,tests/services/viya/mv_createwebservice.test.sas,1eb31d67-d56e-4d7b-aa14-3f2d21fa3545,FAIL,Creating web service with invisible character
mv_createwebservice,tests/services/viya/mv_createwebservice.test.sas,1eb31d67-d56e-4d7b-aa14-3f2d21fa3545,FAIL,Creating web service with invisible character
mv_createwebservice,tests/services/viya/mv_createwebservice.test.sas,1eb31d67-d56e-4d7b-aa14-3f2d21fa3545,FAIL,Creating web service with invisible character
mv_createwebservice,tests/services/viya/mv_createwebservice.test.sas,1eb31d67-d56e-4d7b-aa14-3f2d21fa3545,FAIL,Creating web service with invisible character
mv_createwebservice,tests/services/viya/mv_createwebservice.test.sas,1eb31d67-d56e-4d7b-aa14-3f2d21fa3545,FAIL,Creating web service with invisible character
mv_createwebservice,tests/services/viya/mv_createwebservice.test.sas,1eb31d67-d56e-4d7b-aa14-3f2d21fa3545,FAIL,Creating web service with invisible character
mv_createwebservice,tests/services/viya/mv_createwebservice.test.sas,1eb31d67-d56e-4d7b-aa14-3f2d21fa3545,FAIL,Creating web service with invisible character
mv_createwebservice,tests/services/viya/mv_createwebservice.test.sas,1eb31d67-d56e-4d7b-aa14-3f2d21fa3545,FAIL,Creating web service with invisible character
mv_createwebservice,tests/services/viya/mv_createwebservice.test.sas,1eb31d67-d56e-4d7b-aa14-3f2d21fa3545,FAIL,Creating web service with invisible character
mv_createwebservice,tests/services/viya/mv_createwebservice.test.sas,1eb31d67-d56e-4d7b-aa14-3f2d21fa3545,FAIL,Creating web service with invisible character
mv_createwebservice,tests/services/viya/mv_createwebservice.test.sas,1eb31d67-d56e-4d7b-aa14-3f2d21fa3545,FAIL,Creating web service with invisible character
mv_createwebservice,tests/services/viya/mv_createwebservice.test.sas,1eb31d67-d56e-4d7b-aa14-3f2d21fa3545,FAIL,Creating web service with invisible character
mv_createwebservice,tests/services/viya/mv_createwebservice.test.sas,1eb31d67-d56e-4d7b-aa14-3f2d21fa3545,FAIL,Creating web service with invisible character
mv_createwebservice,tests/services/viya/mv_createwebservice.test.sas,1eb31d67-d56e-4d7b-aa14-3f2d21fa3545,FAIL,Creating web service with invisible character
mv_createwebservice,tests/services/viya/mv_createwebservice.test.sas,1eb31d67-d56e-4d7b-aa14-3f2d21fa3545,FAIL,Creating web service with invisible character
mv_createwebservice,tests/services/viya/mv_createwebservice.test.sas,1eb31d67-d56e-4d7b-aa14-3f2d21fa3545,FAIL,Creating web service with invisible character
mv_createwebservice,tests/services/viya/mv_createwebservice.test.sas,1eb31d67-d56e-4d7b-aa14-3f2d21fa3545,FAIL,Creating web service with invisible character
mv_createwebservice,tests/services/viya/mv_createwebservice.test.sas,1eb31d67-d56e-4d7b-aa14-3f2d21fa3545,FAIL,Creating web service with invisible character
mv_createwebservice,tests/services/viya/mv_createwebservice.test.sas,1eb31d67-d56e-4d7b-aa14-3f2d21fa3545,FAIL,Creating web service with invisible character
mv_createwebservice,tests/services/viya/mv_createwebservice.test.sas,1eb31d67-d56e-4d7b-aa14-3f2d21fa3545,FAIL,Creating web service with invisible character
mv_createwebservice,tests/services/viya/mv_createwebservice.test.sas,1eb31d67-d56e-4d7b-aa14-3f2d21fa3545,FAIL,Creating web service with invisible character
mv_createwebservice,tests/services/viya/mv_createwebservice.test.sas,1eb31d67-d56e-4d7b-aa14-3f2d21fa3545,FAIL,Creating web service with invisible character
mv_createwebservice,tests/services/viya/mv_createwebservice.test.sas,1eb31d67-d56e-4d7b-aa14-3f2d21fa3545,FAIL,Creating web service with invisible character
mv_createwebservice,tests/services/viya/mv_createwebservice.test.sas,1eb31d67-d56e-4d7b-aa14-3f2d21fa3545,FAIL,Creating web service with invisible character
mv_createwebservice,tests/services/viya/mv_createwebservice.test.sas,1eb31d67-d56e-4d7b-aa14-3f2d21fa3545,FAIL,Creating web service with invisible character
mv_createwebservice,tests/services/viya/mv_createwebservice.test.sas,1eb31d67-d56e-4d7b-aa14-3f2d21fa3545,FAIL,Creating web service with invisible character
mv_createwebservice,tests/services/viya/mv_createwebservice.test.sas,1eb31d67-d56e-4d7b-aa14-3f2d21fa3545,FAIL,Creating web service with invisible character
mv_createwebservice,tests/services/viya/mv_createwebservice.test.sas,1eb31d67-d56e-4d7b-aa14-3f2d21fa3545,FAIL,Creating web service with invisible character
mv_createwebservice,tests/services/viya/mv_createwebservice.test.sas,1eb31d67-d56e-4d7b-aa14-3f2d21fa3545,FAIL,Creating web service with invisible character
mv_createwebservice,tests/services/viya/mv_createwebservice.test.sas,1eb31d67-d56e-4d7b-aa14-3f2d21fa3545,FAIL,Creating web service with invisible character
mv_createwebservice,tests/services/viya/mv_createwebservice.test.sas,1eb31d67-d56e-4d7b-aa14-3f2d21fa3545,FAIL,Creating web service with invisible character
mv_createwebservice,tests/services/viya/mv_createwebservice.test.sas,1eb31d67-d56e-4d7b-aa14-3f2d21fa3545,FAIL,Creating web service with invisible character
mv_createwebservice,tests/services/viya/mv_createwebservice.test.sas,1eb31d67-d56e-4d7b-aa14-3f2d21fa3545,FAIL,Creating web service with invisible character
mv_createwebservice,tests/services/viya/mv_createwebservice.test.sas,1eb31d67-d56e-4d7b-aa14-3f2d21fa3545,FAIL,Creating web service with invisible character
mv_createwebservice,tests/services/viya/mv_createwebservice.test.sas,1eb31d67-d56e-4d7b-aa14-3f2d21fa3545,FAIL,Creating web service with invisible character
mv_createwebservice,tests/services/viya/mv_createwebservice.test.sas,1eb31d67-d56e-4d7b-aa14-3f2d21fa3545,FAIL,Creating web service with invisible character
mv_createwebservice,tests/services/viya/mv_createwebservice.test.sas,1eb31d67-d56e-4d7b-aa14-3f2d21fa3545,FAIL,Creating web service with invisible character
mv_createwebservice,tests/services/viya/mv_createwebservice.test.sas,1eb31d67-d56e-4d7b-aa14-3f2d21fa3545,FAIL,Creating web service with invisible character
mv_createwebservice,tests/services/viya/mv_createwebservice.test.sas,1eb31d67-d56e-4d7b-aa14-3f2d21fa3545,FAIL,Creating web service with invisible character
mv_createwebservice,tests/services/viya/mv_createwebservice.test.sas,1eb31d67-d56e-4d7b-aa14-3f2d21fa3545,FAIL,Creating web service with invisible character
mv_createwebservice,tests/services/viya/mv_createwebservice.test.sas,1eb31d67-d56e-4d7b-aa14-3f2d21fa3545,FAIL,Creating web service with invisible character
mv_createwebservice,tests/services/viya/mv_createwebservice.test.sas,1eb31d67-d56e-4d7b-aa14-3f2d21fa3545,FAIL,Creating web service with invisible character
mv_createwebservice,tests/services/viya/mv_createwebservice.test.sas,1eb31d67-d56e-4d7b-aa14-3f2d21fa3545,FAIL,Creating web service with invisible character
mv_createwebservice,tests/services/viya/mv_createwebservice.test.sas,1eb31d67-d56e-4d7b-aa14-3f2d21fa3545,FAIL,Creating web service with invisible character
mv_createwebservice,tests/services/viya/mv_createwebservice.test.sas,1eb31d67-d56e-4d7b-aa14-3f2d21fa3545,FAIL,Creating web service with invisible character
mv_createwebservice,tests/services/viya/mv_createwebservice.test.sas,1eb31d67-d56e-4d7b-aa14-3f2d21fa3545,FAIL,Creating web service with invisible character
mv_createwebservice,tests/services/viya/mv_createwebservice.test.sas,1eb31d67-d56e-4d7b-aa14-3f2d21fa3545,FAIL,Creating web service with invisible character
mv_createwebservice,tests/services/viya/mv_createwebservice.test.sas,1eb31d67-d56e-4d7b-aa14-3f2d21fa3545,FAIL,Creating web service with invisible character
mv_createwebservice,tests/services/viya/mv_createwebservice.test.sas,1eb31d67-d56e-4d7b-aa14-3f2d21fa3545,FAIL,Creating web service with invisible character
mv_createwebservice,tests/services/viya/mv_createwebservice.test.sas,1eb31d67-d56e-4d7b-aa14-3f2d21fa3545,FAIL,Creating web service with invisible character
mv_createwebservice,tests/services/viya/mv_createwebservice.test.sas,1eb31d67-d56e-4d7b-aa14-3f2d21fa3545,FAIL,Creating web service with invisible character
mv_createwebservice,tests/services/viya/mv_createwebservice.test.sas,1eb31d67-d56e-4d7b-aa14-3f2d21fa3545,FAIL,Creating web service with invisible character
mv_createwebservice,tests/services/viya/mv_createwebservice.test.sas,1eb31d67-d56e-4d7b-aa14-3f2d21fa3545,FAIL,Creating web service with invisible character
mv_createwebservice,tests/services/viya/mv_createwebservice.test.sas,1eb31d67-d56e-4d7b-aa14-3f2d21fa3545,FAIL,Creating web service with invisible character
mv_createwebservice,tests/services/viya/mv_createwebservice.test.sas,1eb31d67-d56e-4d7b-aa14-3f2d21fa3545,FAIL,Creating web service with invisible character
mv_createwebservice,tests/services/viya/mv_createwebservice.test.sas,1eb31d67-d56e-4d7b-aa14-3f2d21fa3545,FAIL,Creating web service with invisible character
mv_createwebservice,tests/services/viya/mv_createwebservice.test.sas,1eb31d67-d56e-4d7b-aa14-3f2d21fa3545,FAIL,Creating web service with invisible character
mv_createwebservice,tests/services/viya/mv_createwebservice.test.sas,1eb31d67-d56e-4d7b-aa14-3f2d21fa3545,FAIL,Creating web service with invisible character
mv_createwebservice,tests/services/viya/mv_createwebservice.test.sas,1eb31d67-d56e-4d7b-aa14-3f2d21fa3545,FAIL,Creating web service with invisible character
mv_createwebservice,tests/services/viya/mv_createwebservice.test.sas,1eb31d67-d56e-4d7b-aa14-3f2d21fa3545,FAIL,Creating web service with invisible character
mv_createwebservice,tests/services/viya/mv_createwebservice.test.sas,1eb31d67-d56e-4d7b-aa14-3f2d21fa3545,FAIL,Creating web service with invisible character
mv_createwebservice,tests/services/viya/mv_createwebservice.test.sas,1eb31d67-d56e-4d7b-aa14-3f2d21fa3545,FAIL,Creating web service with invisible character
mv_createwebservice,tests/services/viya/mv_createwebservice.test.sas,1eb31d67-d56e-4d7b-aa14-3f2d21fa3545,FAIL,Creating web service with invisible character
mv_createwebservice,tests/services/viya/mv_createwebservice.test.sas,1eb31d67-d56e-4d7b-aa14-3f2d21fa3545,FAIL,Creating web service with invisible character
mv_createwebservice,tests/services/viya/mv_createwebservice.test.sas,1eb31d67-d56e-4d7b-aa14-3f2d21fa3545,FAIL,Creating web service with invisible character
mv_createwebservice,tests/services/viya/mv_createwebservice.test.sas,1eb31d67-d56e-4d7b-aa14-3f2d21fa3545,FAIL,Creating web service with invisible character
mv_createwebservice,tests/services/viya/mv_createwebservice.test.sas,1eb31d67-d56e-4d7b-aa14-3f2d21fa3545,FAIL,Creating web service with invisible character
mv_createwebservice,tests/services/viya/mv_createwebservice.test.sas,1eb31d67-d56e-4d7b-aa14-3f2d21fa3545,FAIL,Creating web service with invisible character
mv_createwebservice,tests/services/viya/mv_createwebservice.test.sas,1eb31d67-d56e-4d7b-aa14-3f2d21fa3545,FAIL,Creating web service with invisible character
mv_createwebservice,tests/services/viya/mv_createwebservice.test.sas,1eb31d67-d56e-4d7b-aa14-3f2d21fa3545,FAIL,Creating web service with invisible character
mv_createwebservice,tests/services/viya/mv_createwebservice.test.sas,1eb31d67-d56e-4d7b-aa14-3f2d21fa3545,FAIL,Creating web service with invisible character
mv_createwebservice,tests/services/viya/mv_createwebservice.test.sas,1eb31d67-d56e-4d7b-aa14-3f2d21fa3545,FAIL,Creating web service with invisible character
mv_createwebservice,tests/services/viya/mv_createwebservice.test.sas,1eb31d67-d56e-4d7b-aa14-3f2d21fa3545,FAIL,Creating web service with invisible character
mv_createwebservice,tests/services/viya/mv_createwebservice.test.sas,1eb31d67-d56e-4d7b-aa14-3f2d21fa3545,FAIL,Creating web service with invisible character
mv_createwebservice,tests/services/viya/mv_createwebservice.test.sas,1eb31d67-d56e-4d7b-aa14-3f2d21fa3545,FAIL,Creating web service with invisible character
mv_createwebservice,tests/services/viya/mv_createwebservice.test.sas,1eb31d67-d56e-4d7b-aa14-3f2d21fa3545,FAIL,Creating web service with invisible character
mv_createwebservice,tests/services/viya/mv_createwebservice.test.sas,1eb31d67-d56e-4d7b-aa14-3f2d21fa3545,FAIL,Creating web service with invisible character
mv_createwebservice,tests/services/viya/mv_createwebservice.test.sas,1eb31d67-d56e-4d7b-aa14-3f2d21fa3545,FAIL,Creating web service with invisible character
mv_createwebservice,tests/services/viya/mv_createwebservice.test.sas,1eb31d67-d56e-4d7b-aa14-3f2d21fa3545,FAIL,Creating web service with invisible character
mv_createwebservice,tests/services/viya/mv_createwebservice.test.sas,1eb31d67-d56e-4d7b-aa14-3f2d21fa3545,FAIL,Creating web service with invisible character
mv_createwebservice,tests/services/viya/mv_createwebservice.test.sas,1eb31d67-d56e-4d7b-aa14-3f2d21fa3545,FAIL,Creating web service with invisible character
mv_createwebservice,tests/services/viya/mv_createwebservice.test.sas,1eb31d67-d56e-4d7b-aa14-3f2d21fa3545,FAIL,Creating web service with invisible character
mv_createwebservice,tests/services/viya/mv_createwebservice.test.sas,1eb31d67-d56e-4d7b-aa14-3f2d21fa3545,FAIL,Creating web service with invisible character
mv_createwebservice,tests/services/viya/mv_createwebservice.test.sas,1eb31d67-d56e-4d7b-aa14-3f2d21fa3545,FAIL,Creating web service with invisible character
mv_createwebservice,tests/services/viya/mv_createwebservice.test.sas,1eb31d67-d56e-4d7b-aa14-3f2d21fa3545,FAIL,Creating web service with invisible character
mv_createwebservice,tests/services/viya/mv_createwebservice.test.sas,1eb31d67-d56e-4d7b-aa14-3f2d21fa3545,FAIL,Creating web service with invisible character
mv_createwebservice,tests/services/viya/mv_createwebservice.test.sas,1eb31d67-d56e-4d7b-aa14-3f2d21fa3545,FAIL,Creating web service with invisible character
mv_createwebservice,tests/services/viya/mv_createwebservice.test.sas,1eb31d67-d56e-4d7b-aa14-3f2d21fa3545,FAIL,Creating web service with invisible character
mv_createwebservice,tests/services/viya/mv_createwebservice.test.sas,1eb31d67-d56e-4d7b-aa14-3f2d21fa3545,FAIL,Creating web service with invisible character
mv_createwebservice,tests/services/viya/mv_createwebservice.test.sas,1eb31d67-d56e-4d7b-aa14-3f2d21fa3545,FAIL,Creating web service with invisible character
mv_createwebservice,tests/services/viya/mv_createwebservice.test.sas,1eb31d67-d56e-4d7b-aa14-3f2d21fa3545,FAIL,Creating web service with invisible character
mv_createwebservice,tests/services/viya/mv_createwebservice.test.sas,1eb31d67-d56e-4d7b-aa14-3f2d21fa3545,FAIL,Creating web service with invisible character
mv_createwebservice,tests/services/viya/mv_createwebservice.test.sas,1eb31d67-d56e-4d7b-aa14-3f2d21fa3545,FAIL,Creating web service with invisible character
mv_createwebservice,tests/services/viya/mv_createwebservice.test.sas,1eb31d67-d56e-4d7b-aa14-3f2d21fa3545,FAIL,Creating web service with invisible character
mv_createwebservice,tests/services/viya/mv_createwebservice.test.sas,1eb31d67-d56e-4d7b-aa14-3f2d21fa3545,FAIL,Creating web service with invisible character
mv_createwebservice,tests/services/viya/mv_createwebservice.test.sas,1eb31d67-d56e-4d7b-aa14-3f2d21fa3545,FAIL,Creating web service with invisible character
mv_createwebservice,tests/services/viya/mv_createwebservice.test.sas,1eb31d67-d56e-4d7b-aa14-3f2d21fa3545,FAIL,Creating web service with invisible character
mv_createwebservice,tests/services/viya/mv_createwebservice.test.sas,1eb31d67-d56e-4d7b-aa14-3f2d21fa3545,FAIL,Creating web service with invisible character
mv_createwebservice,tests/services/viya/mv_createwebservice.test.sas,1eb31d67-d56e-4d7b-aa14-3f2d21fa3545,FAIL,Creating web service with invisible character
mv_createwebservice,tests/services/viya/mv_createwebservice.test.sas,1eb31d67-d56e-4d7b-aa14-3f2d21fa3545,FAIL,Creating web service with invisible character
mv_createwebservice,tests/services/viya/mv_createwebservice.test.sas,1eb31d67-d56e-4d7b-aa14-3f2d21fa3545,FAIL,Creating web service with invisible character
mv_createwebservice,tests/services/viya/mv_createwebservice.test.sas,1eb31d67-d56e-4d7b-aa14-3f2d21fa3545,FAIL,Creating web service with invisible character
mv_createwebservice,tests/services/viya/mv_createwebservice.test.sas,1eb31d67-d56e-4d7b-aa14-3f2d21fa3545,FAIL,Creating web service with invisible character
mv_createwebservice,tests/services/viya/mv_createwebservice.test.sas,1eb31d67-d56e-4d7b-aa14-3f2d21fa3545,FAIL,Creating web service with invisible character
mv_createwebservice,tests/services/viya/mv_createwebservice.test.sas,1eb31d67-d56e-4d7b-aa14-3f2d21fa3545,FAIL,Creating web service with invisible character
mv_createwebservice,tests/services/viya/mv_createwebservice.test.sas,1eb31d67-d56e-4d7b-aa14-3f2d21fa3545,FAIL,Creating web service with invisible character
mv_createwebservice,tests/services/viya/mv_createwebservice.test.sas,1eb31d67-d56e-4d7b-aa14-3f2d21fa3545,FAIL,Creating web service with invisible character
mv_createwebservice,tests/services/viya/mv_createwebservice.test.sas,1eb31d67-d56e-4d7b-aa14-3f2d21fa3545,FAIL,Creating web service with invisible character
mv_createwebservice,tests/services/viya/mv_createwebservice.test.sas,1eb31d67-d56e-4d7b-aa14-3f2d21fa3545,FAIL,Creating web service with invisible character
mv_createwebservice,tests/services/viya/mv_createwebservice.test.sas,1eb31d67-d56e-4d7b-aa14-3f2d21fa3545,FAIL,Creating web service with invisible character
mv_createwebservice,tests/services/viya/mv_createwebservice.test.sas,1eb31d67-d56e-4d7b-aa14-3f2d21fa3545,FAIL,Creating web service with invisible character
mv_createwebservice,tests/services/viya/mv_createwebservice.test.sas,1eb31d67-d56e-4d7b-aa14-3f2d21fa3545,FAIL,Creating web service with invisible character
mv_createwebservice,tests/services/viya/mv_createwebservice.test.sas,1eb31d67-d56e-4d7b-aa14-3f2d21fa3545,FAIL,Creating web service with invisible character
mv_createwebservice,tests/services/viya/mv_createwebservice.test.sas,1eb31d67-d56e-4d7b-aa14-3f2d21fa3545,FAIL,Creating web service with invisible character
mv_createwebservice,tests/services/viya/mv_createwebservice.test.sas,1eb31d67-d56e-4d7b-aa14-3f2d21fa3545,FAIL,Creating web service with invisible character
mv_createwebservice,tests/services/viya/mv_createwebservice.test.sas,1eb31d67-d56e-4d7b-aa14-3f2d21fa3545,FAIL,Creating web service with invisible character
mv_createwebservice,tests/services/viya/mv_createwebservice.test.sas,1eb31d67-d56e-4d7b-aa14-3f2d21fa3545,FAIL,Creating web service with invisible character
mv_createwebservice,tests/services/viya/mv_createwebservice.test.sas,1eb31d67-d56e-4d7b-aa14-3f2d21fa3545,FAIL,Creating web service with invisible character
mv_createwebservice,tests/services/viya/mv_createwebservice.test.sas,1eb31d67-d56e-4d7b-aa14-3f2d21fa3545,FAIL,Creating web service with invisible character
mv_createwebservice,tests/services/viya/mv_createwebservice.test.sas,1eb31d67-d56e-4d7b-aa14-3f2d21fa3545,FAIL,Creating web service with invisible character
mv_createwebservice,tests/services/viya/mv_createwebservice.test.sas,1eb31d67-d56e-4d7b-aa14-3f2d21fa3545,FAIL,Creating web service with invisible character
mv_createwebservice,tests/services/viya/mv_createwebservice.test.sas,1eb31d67-d56e-4d7b-aa14-3f2d21fa3545,PASS,Creating web service with invisible character
